Sl. No,City,Area,Corporate Park,Location, Total Employee Strength , Real Estate Allowed ,Type of Screen,Dimensions (W*H),Display Size (Inches),Units,Network,Key Corporate Tenants
1,Bangalore,Whitefield,International Tech Park (ITPB),Creator - Reception Lobby,"  50,000 ", N ,Digital Pods,3*7,55,1,9,"Discover - US Technologhy, Xerox Technology, Zenmonics Software, Panasoni Life, Plastic Omnium Auto, Revolt Intellicorp Pvt, Rsab, Scientific Games, Sycomp Technologies, Tata Cosultancy, Technicolor India, Index Lithigraphy, Infovision, Insemi Technology, Institute Bio informatis, Longhorns labs, DBA xcom labs, MBB Labs, Omens Animation, Osi Energy automation, Capital Land, Carnation, Cognisure, Denso International, EXA-AG, General Motors, Incred Financial, Creator - Sabre Travel, Scientific Games, Sycomp Technolofies, Tata Communications, Tech Mahindra, Technicolor, Xandr India, Achronix, Alcatel - Lucent, Bharat Sanchar Nigam, Ecinical, Einfolge, First advantage Global,Gyansys Infotech, Kotak, Nokia, NTT Cloud, Reliance, Sabre Travel, Scintific Games, Sycomp, Tata, Tech Mahindra, Technicolor, Xandr India, Innovator - Xinthe Technologies, N.F Simth, Nextgen, Open Bet, RLE, Sacha Engineering, Sharp Software, Skiva, Happy Visitor Esoutions, Hireright , Insemi Technology, ITPB business Centre, judge India, Mentora, Mindsprint, Mobicip, Technicolor, Telia, The Dhanalakshmi Bank, Thoucentric, Truspeq, Tyfone, Upilot, V4U, Webdunia.com, Certes, Citi Bank, Criterion, ECI Telecom, First Advantage, Operating Center, Galax, General Notors, Technical, Globant, Explorer - IBM, Kingslake, Scirntific games, Tat Cosultancy, Technicolor, Aegis, Applied Materials, ATOS IT, Criterion Networks, First Advantage Global, Inventor - Applied Materials, ATOST IT, Fiorano, Galax E Solutions,Gyansys Infotech, Kyndryl, Technicolor, Navigator - Applied Materails, Florano, Glenburn, Innoactive , Jupiter Intergrated, Kaalari Capital, Kennametal, PPalc Networks, Sabre Travel, Scientific Games, Siemens, SOA IT, Technicolor,"
,Bangalore,Whitefield,International Tech Park (ITPB),Discover - Reception Lobby,,,Digital Pods,3*7,55,1,,
,Bangalore,Whitefield,International Tech Park (ITPB),Explorer - Reception Lobby,,,Digital Pods,3*7,55,1,,
,Bangalore,Whitefield,International Tech Park (ITPB),Innovator - Reception Lobby,,,Digital Pods,3*7,55,1,,
,Bangalore,Whitefield,International Tech Park (ITPB),Inventor - Reception Lobby,,,Digital Pods,3*7,55,1,,
,Bangalore,Whitefield,International Tech Park (ITPB),Navigator - Reception Lobby,,,Digital Pods,3*7,55,1,,
,Bangalore,Whitefield,International Tech Park (ITPB),Concourse Area - 1,,,Digital Pods,3*7,55,1,,
,Bangalore,Whitefield,International Tech Park (ITPB),Concourse Area - 2,,,Digital Pods,3*7,55,1,,
,Bangalore,Whitefield,International Tech Park (ITPB),Concourse Area - 3,,,Digital Pods,3*7,55,1,,
2,Bangalore,Whitefield,International Tech Park (ITPB - SEZ),Voyager - Reception Lobby,"  25,000 ", N ,Digital Pods,3*7,55,1,3,"Aviator - Conduent Busniess services India, Galaxe Solutions, HCL, Mu Sigma, Victor - CSS Corp, Slash Support, Societe Generale, Natixis Services in India, Tata Consultancy, Voyager - Dealslooter.in, Galaxe Solutions, Scientific Games, IPsoft Global Services/ Amelia Global Services, Movate Technologies"
,Bangalore,Whitefield,International Tech Park (ITPB - SEZ),Vector - Reception Lobby,,,Digital Pods,3*7,55,1,,
,Bangalore,Whitefield,International Tech Park (ITPB - SEZ),Aviator - Reception Lobby,,,Digital Pods,3*7,55,1,,
3,Bangalore,Marathalli,Prestige Tech Park,Mercury - Reception Lobby,"  60,000 ", N ,Digital Wall Panel,2*4,55,1,10,"Oracle, Capgemini, Citi Bank, Schneider Electric, Walmart Labs, Avaya Global Connect Ltd, Aruba Networks, Nagarro Software Pvt. Ltd, JP Morgan, Futures First Info Services, BlueJeans Networks Pvt Ltd, Conga (Apttus) Software Pvt. Ltd., AQUANTIA SEMICONDUCTOR INDIA PVT LTD, Aptos India Private Limited, 24/7, Money View, Frog Design Studio, Mobile Programming, Sattva Aura, Grab Greco LLP, Helios, Waif's, and Delliot."
,Bangalore,Marathalli,Prestige Tech Park,Velocity - Reception Lobby,,,Digital Wall Panel,2*4,55,1,,
,Bangalore,Marathalli,Prestige Tech Park,Valence - Reception Lobby,,,Digital Wall Panel,2*4,55,1,,
,Bangalore,Marathalli,Prestige Tech Park,PTP 4 - Reception Lobby,,,Digital Pods,3*7,55,1,,
,Bangalore,Marathalli,Prestige Tech Park,Venus - Reception Lobby,,,Digital Wall Panel,2*4,55,1,,
,Bangalore,Marathalli,Prestige Tech Park,Jupiter - Reception Lobby,,,Digital Pods,3*7,55,1,,
,Bangalore,Marathalli,Prestige Tech Park,Vector - Reception Lobby,,,Digital Wall Panel,2*4,55,1,,
,Bangalore,Marathalli,Prestige Tech Park,Platina - Reception Lobby,,,Digital Pods,3*7,55,1,,
,Bangalore,Marathalli,Prestige Tech Park,Fitco Entry Lobby,,,Digital Pods,3*7,55,1,,
,Bangalore,Marathalli,Prestige Tech Park,Gravity Lobby,,,Digital Pods,3*7,55,1,,
,Bangalore,Marathalli,Prestige Tech Park,Bus Shelter - Terminal 1,,,Digital Wall Panel,6*4,85,2,4,
,Bangalore,Marathalli,Prestige Tech Park,Bus Shelter - Terminal 2,,,Digital Wall Panel,6*4,85,2,,
,Bangalore,Marathalli,Prestige Tech Park,Gravity Retail and F&B Area,,,Large Digital Screen,12*8,172,1,1,
4,Bangalore,Whitefield,Prestige Shantiniketan,Crescent 1 - Reception Lobby,"  40,000 ", N ,Digital Pods,3*7,55,1,7,"Elocity Technologies India Private Limited,Concentrix, Britannia Industries Limited, Rockstar Games India, MEDTRONIC, Baxter Innovations & Business Solutions Pvt Ltd, Tata Elxsi Limited, Britannia Industries Limited, Prestige Shantinikethan, Optym India Private Limited, Awfis Prestige Shantiniketan, Kaseya, GE Healthcare, CapRelo Mobility India Private Limited,, Cogent eservices private limited PSN Bangalore, Tata Consultancy Services, Hindustan Unilever | UniOps, ICICI Bank Prestige, Shantiniketan Bangalore-Branch & ATM, Genisys Group, India Document Solutions Private Ltd., , Herbalife International India Pvt Ltd, Thermo Fisher Scientific, Synapse Techno Design Innovations Private Limited, Algorythm, Flowserve Global Technology & Engineering Center (GTEC), Nielsen Sports, Hexaware Technologies Limited"
,Bangalore,Whitefield,Prestige Shantiniketan,Crescent 2 - Reception Lobby,,,Digital Pods,3*7,55,1,,
,Bangalore,Whitefield,Prestige Shantiniketan,Crescent 3 - Reception Lobby,,,Digital Pods,3*7,55,1,,
,Bangalore,Whitefield,Prestige Shantiniketan,Crescent 4 - Reception Lobby,,,Digital Pods,3*7,55,1,,
,Bangalore,Whitefield,Prestige Shantiniketan,Tower A - Reception Lobby,,,Digital Pods,3*7,55,1,,
,Bangalore,Whitefield,Prestige Shantiniketan,Tower B - Reception Lobby,,,Digital Pods,3*7,55,1,,
,Bangalore,Whitefield,Prestige Shantiniketan,Tower C - Reception Lobby,,,Digital Pods,3*7,55,1,,
5,Bangalore,Whitefield,Prestige Technostar,Reception Lobby - B1,"  20,000 ", N ,Digital Pods,3*7,55,1,5,"Stratus Technologies, Brady Company India Pvt. Ltd., Gartner India Research and Advisory Services Pvt. Ltd., AMD, o9 Solutions, Inspirage Software Consulting Pvt. Ltd., Route Mobile Limited Bangalore - RouteLab, Symplr, Annalect, TBWA\India, DealerSocket India Private Limited, Aeries Technology Private Limited, Relevance Lab Pvt. Ltd., Adept Chip Services Pvt. Ltd., and sophisTex Pvt. Ltd., etc."
,Bangalore,Whitefield,Prestige Technostar,Reception Lobby - B2,,,Digital Pods,3*7,55,1,,
,Bangalore,Whitefield,Prestige Technostar,Reception Lobby - B3,,,Digital Pods,3*7,55,1,,
,Bangalore,Whitefield,Prestige Technostar,Reception Lobby - B4,,,Digital Pods,3*7,55,1,,
,Bangalore,Whitefield,Prestige Technostar,Food Court - 1,,,Digital Pods,3*7,55,1,,
6,Bangalore,Nagawara,Manyata Tech park - Mfar,First Floor - Elevator Lobby,"  150,000 ", Y ,Digital Wall Panel,3*5,55,1,6,"IBM India Pvt. Ltd., HCL Technologies, Microsoft, Tata Consultancy Services Ltd., Nokia Networks (Earlier known as NSN or Nokia Siemens Networks), Nvidia, Larsen & Toubro Technology Services, Northern Trust, Rolls-Royce, AXA Technologies Shared Services, AXA Business Services, GlobalFoundries, Fidelity, Atlas Copco, Alcatel-Lucent, ANZ, Cerner, Cognizant, Concentrix, Dimension Data India (formerly Data Craft India), Lowe's Services India Pvt. Ltd., Target Corporation India, Monsanto Holdings, Mitel (Earlier known as Mavenir Systems), NetScout Systems, NXP Semiconductors, Philips, Justdial, Nuance Communications, Aditi Technologies, Indegene Lifesystems, JCPenney, Stylus Commercial Services, Mast Global Business Services India Pvt. Ltd., Redknee, Network International, Colt Technologies, Andritz AG, Kinapse, Voonik Technologies Pvt. Ltd., Invecas Inc., Flightraja Travels (Via.com), The Executive Centre, Gaea Technologies, SLK Group, Tambora Systems India Pvt. Ltd., i4 Global Information Technologies Ltd., Phani Information Technologies Ltd., Jurimatrix, and Manyata."
,Bangalore,Nagawara,Manyata Tech park - Mfar,Ground Floor - Elevator Lobby,,,Digital Wall Panel,3*5,55,1,,
,Bangalore,Nagawara,Manyata Tech park - Mfar,First Floor - Retail Area,,,Digital Wall Panel,3*5,55,1,,
,Bangalore,Nagawara,Manyata Tech park - Mfar,Ground Floor - Retail Area 1,,,Digital Wall Panel,3*5,55,1,,
,Bangalore,Nagawara,Manyata Tech park - Mfar,Ground Floor - Retail Area 2,,,Digital Wall Panel,3*5,55,1,,
,Bangalore,Nagawara,Manyata Tech park - Mfar,Ground Floor - Retail Area 3,,,Digital Wall Panel,3*5,55,1,,
7,Bangalore,Whitefield,Brigade IRV,Elevator Lobby Ground Floor,"  8,000 ", N ,Digital Pods,3*7,55,1,4,"Regus, Chainalytics, Marriott Revenue Management Remote Solutions, Accelalpha, Y-Axis, Mobile Programming India Pvt. Ltd., UrbanPiper, WorkX Coworking Spaces, Nisent Global Solutions Pvt. Ltd., SmartGig Technologies Private Limited, Factonity Systems Pvt Ltd, Sunovaa Tech Pvt. Ltd, Cronbay Technologies, Analyttica Datalab Pvt. Ltd., Aimtron Technologies, Electrono Solutions Private Limited, ATCS, Vassco Furniture & Home Decors Private Limited, ARTOIES INTERNATIONAL PRIVATE LIMITED, SROTRA TECHNOLOGIES PVT LTD."
,Bangalore,Whitefield,Brigade IRV,Reception Ground Floor,,,Digital Pods,3*7,55,1,,
,Bangalore,Whitefield,Brigade IRV,Ground Floor Entry,,,Digital Pods,3*7,55,1,,
,Bangalore,Whitefield,Brigade IRV,Ground Floor Exit,,,Digital Pods,3*7,55,1,,
8,Bangalore,Bellandur,Global Tech Park,Main Lobby Tower A - GF,"  20,000 ", Y ,Digital Pods,3*7,55,1,5,"LinkedIn, Vodafone, EPAM Bangalore, Marvell Semiconductors, VMware, KPMG Global Services, West Pharmaceutical Services, Saviynt, Versa Networks, TalbotFORCE, SkyPoint Cloud Inc., GSN Games, Huron Eurasia India Private Limited, Texila Educational & Management Services Pvt Ltd, Vivero International, Fastenal, Marvell India Pvt. Ltd., Tangoe India Softek Services Pvt Ltd, Kwalee India, Silverline India, Impact Analytics, Yazaki India Technical Center, FP Tech Science Pvt. Ltd., and Kwalee India."
,Bangalore,Bellandur,Global Tech Park,Main Lobby Tower B - GF,,,Digital Pods,3*7,55,1,,
,Bangalore,Bellandur,Global Tech Park,Main Lobby Tower D - GF,,,Digital Pods,3*7,55,1,,
,Bangalore,Bellandur,Global Tech Park,Main Lobby Tower E - GF,,,Digital Pods,3*7,55,1,,
,Bangalore,Bellandur,Global Tech Park,Food Court Entry,,,Digital Pods,3*7,55,1,,
9,Bangalore,Whitefield,First Technology Park,Block A - Reception,"  5,000 ", Y ,Digital Pods,3*7,55,1,2,"Wipro Technologies Limited, Infosys Technologies Limited, Akamai Technologies Solutions India Pvt Ltd, Ifortis Worldwide, Cognexa Business Solutions, Jyeshtha Solutions Pvt Ltd, Atsiro Pvt Ltd, Cahfad Technologies, Nirvigna.com, and Ejl Tech."
,Bangalore,Whitefield,First Technology Park,Block C - Reception,,,Digital Pods,3*7,55,1,,
10,Bangalore,Bellandur,Cessna - Embassy Tech Square,Food Court Entry,"  20,000 ", N ,Digital Pods,3*7,55,1,3,"Gartner India Research and Advisory Services Pvt. Ltd, Syniverse, IQVIA, LG Soft India Pvt. Ltd, Cambium Networks Private Limited, Ribbon Communication Pvt. Ltd., InMobi Technology Services Pvt. Ltd, CrimsonLogic India Pvt. Ltd, Applied Information Sciences India, KLAY Centre, Leadsquared, MarketXpander Services Pvt. Ltd, Tracelay Networks GSOC, Glance, Here Solutions India Pvt. Ltd, Vulpith.com."
,Bangalore,Bellandur,Cessna - Embassy Tech Square,Food Court Entry,,,Digital Pods,3*7,55,1,,
,Bangalore,Bellandur,Cessna - Embassy Tech Square,Food Court Entry,,,Digital Pods,3*7,55,1,,
11,Bangalore,Marathahalli,Roach Icon,Rreception Lobby,"  8,000 ", N ,Digital Pods,3*7,55,1,2,"Affirmed Networks, Hcl Info system, Continual Engine Pvt. Ltd., Qualitrix Technologies, Ferns Icon, RBD ICON, Lenovo India Pvt Ltd, Aspire Systems , "
,Bangalore,Marathahalli,Roach Icon,Food Court,,,Digital Pods,3*7,55,1,,
12,Bangalore,Hebbal ,Vasant's Business Park,Elevator Lobby Ground Floor,"  5,000 ", N ,Digital Pods,3*7,55,1,4,"Cogent E Services and Saranyu Technologies, iProcess Clinical Marketing, Puresight Systems (iRobot India), FNLK Development"
,Bangalore,Hebbal ,Vasant's Business Park,Reception lobby,,,Digital Pods,3*7,55,1,,
,Bangalore,Hebbal ,Vasant's Business Park,Food Court,,,Digital Pods,3*7,55,1,,
,Bangalore,Hebbal ,Vasant's Business Park,Food Court,,,Digital Pods,3*7,55,1,,
13,Bangalore,Kadubeesanahalli,Umiya Business Bay,Tower 1 Reception Lobby Entry,"  10,000 ", N ,Digital Pods,3*7,55,1,6,"Accolite Software, Sonus Networks, Spirent Communications, Xactly Technologies, T-Systems, Noodle Analytics, AT&T Communication Services, Yokogawa IA Technologies, Fidelity National Financial, Tieto Software, Page Industries, Servion Global Solutions, Vlocity Cloud Applications, iKeva Business Centre, Bridgei2i Analytics Solutions, Noodle Analytics, Sophos Technologies, T-Systems ICT, Smartworks Business Centre, Cambium Networks, Yazaki India, FNF India, Simeio Development Centre etc"
,Bangalore,Kadubeesanahalli,Umiya Business Bay,Tower 2 Reception Lobby Entry,,,Digital Pods,3*7,55,1,,
,Bangalore,Kadubeesanahalli,Umiya Business Bay,Tower 1 Lobby Exit,,,Digital Pods,3*7,55,1,,
,Bangalore,Kadubeesanahalli,Umiya Business Bay,Tower 2 Lobby Exit,,,Digital Pods,3*7,55,1,,
,Bangalore,Kadubeesanahalli,Umiya Business Bay,Tower 1 Elevator Lobby,,,Digital Pods,3*7,55,1,,
,Bangalore,Kadubeesanahalli,Umiya Business Bay,Tower 2 Elevator Lobby,,,Digital Pods,3*7,55,1,,
14,Bangalore,Hebbal,Umiya Velociti,Reception Lobby,"  6,000 ", N ,Digital Pods,3*7,55,1,4,"Sanchar india news, Lucky Chan, Etc"
,Bangalore,Hebbal,Umiya Velociti,Reception Lobby Area,,,Digital Pods,3*7,55,1,,
,Bangalore,Hebbal,Umiya Velociti,Elevator Lobby,,,Digital Pods,3*7,55,1,,
,Bangalore,Hebbal,Umiya Velociti,Food court Elevator Lobby,,,Digital Pods,3*7,55,1,,
15,Bangalore,Ashok Nagar,Prestige Sterling Square,Elevator Lobby Ground Floor,"  8,000 ", N ,Digital Pods,3*7,55,1,11,"TRUGlobal Software India, iPass India, and Infinera India, Saama Capital India Advisors LLP, IndiQube Innovent Spaces Pvt. Ltd., Frost and Sullivan India Pvt. Ltd., IPpro Services India LLP, Nishith Desai Associates, and SVB India Advisors Ltd., Emerald, Barracuda Networks, Icon Clinical Research, Marlabs Software, Mpowered Health Infotech, NTT DATA FA Insurance Systems, and an Awfis coworking space, Godrej Properties, Allergan India, Indeed.co.in,"
,Bangalore,Ashok Nagar,Prestige Sterling Square,Elevator lobby basement 1,,,Digital Pods,3*7,55,1,,
,Bangalore,Ashok Nagar,Prestige Sterling Square,Elevator lobby basement 2,,,Digital Pods,3*7,55,1,,
16,Bangalore,Ashok Nagar,Prestige Solitaire,Reception Lobby,,,Digital Pods,3*7,55,1,,
17,Bangalore,Ashok Nagar,Prestige Sigma,Reception Lobby,,,Digital Pods,3*7,55,1,,
18,Bangalore,Ashok Nagar,Prestige Loka,Reception Lobby,,,Digital Pods,3*7,55,1,,
19,Bangalore,Ashok Nagar,Prestige Emerald,Elevator lobby 1,,,Digital Pods,3*7,55,1,,
,Bangalore,Ashok Nagar,Prestige Emerald,Elevator lobby 2,,,Digital Pods,3*7,55,1,,
,Bangalore,Ashok Nagar,Prestige Emerald,Elevator lobby basement 1,,,Digital Pods,3*7,55,1,,
,Bangalore,Ashok Nagar,Prestige Emerald,Elevator lobby basement 2,,,Digital Pods,3*7,55,1,,
20,Bangalore,Ashok Nagar,Prestige Towers,Reception Lobby,,,Digital Pods,3*7,55,1,,
21,Bangalore,Ulsoor Road,Prestige Summit,Reception Lobby,"  6,000 ", N ,Digital Pods,3*7,55,1,4,"Elevar Venture Partners, BMC Software and Cambridge University Press & Assessment, Nexus Business Solutions, Clicktech Retail , Shardul Amarchand Mangaldas & Company and Bliss Chocolates (Smoor),"
,Bangalore,Ulsoor Road,Prestige Summit,Elevator Lobby Ground Floor,,,Digital Pods,3*7,55,1,,
,Bangalore,Ulsoor Road,Prestige Summit,Elevator lobby basement 1,,,Digital Pods,3*7,55,1,,
,Bangalore,Ulsoor Road,Prestige Summit,Elevator lobby basement 2,,,Digital Pods,3*7,55,1,,
22,Bangalore,Adugodi,Prestige Blue Chip ,Block A - Reception,"  6,000 ", N ,Digital Pods,3*7,55,1,3,"Marlabs Software, Mpowered Health Infotech, NTT DATA FA Insurance Systems, Forcepoint, Collabera Technologies, Synopsys, and QuadGen Engineering Services"
,Bangalore,Adugodi,Prestige Blue Chip ,Block B - Reception,,,Digital Pods,3*7,55,1,,
,Bangalore,Adugodi,Prestige Blue Chip ,Block C - Reception,,,Digital Pods,3*7,55,1,,
23,Bangalore,Kasturba Road,Prestige Obelisk,Reception Lobby,"  6,000 ", N ,Digital Pods,3*7,55,1,8,"JSA Advocates and Solicitors, Urban Vault, Coface India, Yes Bank, Lake Chemicals Pvt. Ltd., IndusViva HealthSciences Pvt. Ltd., Eaton Technologies Pvt. Ltd., JK Cement Ltd., Cigna TTK Health Insurance Company Ltd., and Yamazaki Mazak India Pvt. Ltd., Thermo Fisher Scientific India and Yes Bank.,Borqs Software Solutions, German Consulate General, Flicker projects Pvt. Ltd., Dr. Shetty's Aesthetic and The Cash Pharmacy"
,Bangalore,Kasturba Road,Prestige Obelisk,Elevator lobby basement 1,,,Digital Pods,3*7,55,1,,
,Bangalore,Kasturba Road,Prestige Obelisk,Elevator lobby basement 2,,,Digital Pods,3*7,55,1,,
24,Bangalore,Shivaji Nagar,Prestige Atrium,Reception Lobby,,,Digital Pods,3*7,55,1,,
,Bangalore,Shivaji Nagar,Prestige Atrium,Elevator Lobby Ground Floor,,,Digital Pods,3*7,55,1,,
25,Bangalore,Jaynagar,Prestige Sapphire,Reception Lobby,,,Digital Pods,3*7,55,1,,
26,Bangalore,Vasanth Nagar,Prestige Al Kareem,Reception Lobby,,,Digital Pods,3*7,55,1,,
27,Bangalore,Residency Road,Prestige Delta,Reception Lobby,,,Digital Pods,3*7,55,1,,
28,Bangalore,CV Raman Nagar,Bagmane Tech Park,Food Court 1,"  35,000 ", N ,Digital Pods,3*7,55,1,12,"Volvo, Altiostar, Ivanti, Grant Thronton, Alstom, Mphasis, Texas Instrument, Kronos, Juniper, Boeing, Informatica, cisco, SAP concur, PWC, Renesas, Infineon, Microfocus, L3 Communication, Dover, ROHM, ALUK, Sima.ai, cypress, Talisma, Motorola, DELL, Pal Alto, Cardinal, Commvault, LAM,CEM, UKG, Walker Chandok, Nike, Etc"
,Bangalore,CV Raman Nagar,Bagmane Tech Park,Food Court 2,,,Digital Pods,3*7,55,1,,
,Bangalore,CV Raman Nagar,Bagmane Tech Park,Food Court 3,,,Digital Pods,3*7,55,1,,
,Bangalore,CV Raman Nagar,Bagmane Tech Park,Food Court 4,,,Digital Pods,3*7,55,1,,
,Bangalore,CV Raman Nagar,Bagmane Tech Park,Reception Block 1,,,Digital Pods,3*7,55,1,,
,Bangalore,CV Raman Nagar,Bagmane Tech Park,Reception Block 2,,,Digital Pods,3*7,55,1,,
,Bangalore,CV Raman Nagar,Bagmane Tech Park,Reception Block 3,,,Digital Pods,3*7,55,1,,
,Bangalore,CV Raman Nagar,Bagmane Tech Park,Reception Block 4,,,Digital Pods,3*7,55,1,,
,Bangalore,CV Raman Nagar,Bagmane Tech Park,Reception Block 5,,,Digital Pods,3*7,55,1,,
,Bangalore,CV Raman Nagar,Bagmane Tech Park,Reception Block 6,,,Digital Pods,3*7,55,1,,
,Bangalore,CV Raman Nagar,Bagmane Tech Park,Reception Block 7,,,Digital Pods,3*7,55,1,,
,Bangalore,CV Raman Nagar,Bagmane Tech Park,Reception Block 8,,,Digital Pods,3*7,55,1,,
29,Bangalore,ORR,Bagmane World Technology Centre,Onyx Food Court 1,"  50,000 ", N ,Digital Pods,3*7,55,1,11,"Google, Amazon , samusung, Accenture, Zyeus, Mphasis, visa, Ericsson, E&Y, Boeing, Xentrix, ARM, Mediakind, Iron Mountain, Microland, Quotient, Abinbev, sifive, EMC- Dell, Nvidia, Qsc, ETC"
,Bangalore,ORR,Bagmane World Technology Centre,Onyx Food Court 2,,,Digital Pods,3*7,55,1,,
,Bangalore,ORR,Bagmane World Technology Centre,Onyx Food Court 3,,,Digital Pods,3*7,55,1,,
,Bangalore,ORR,Bagmane World Technology Centre,Onyx Food Court 4,,,Digital Pods,3*7,55,1,,
,Bangalore,ORR,Bagmane World Technology Centre,Amber Block,,,Digital Pods,3*7,55,1,,
,Bangalore,ORR,Bagmane World Technology Centre,Citrine Block,,,Digital Pods,3*7,55,1,,
,Bangalore,ORR,Bagmane World Technology Centre,Garnet Block,,,Digital Pods,3*7,55,1,,
,Bangalore,ORR,Bagmane World Technology Centre,Emrald Block,,,Digital Pods,3*7,55,1,,
,Bangalore,ORR,Bagmane World Technology Centre,Paridot Block,,,Digital Pods,3*7,55,1,,
,Bangalore,ORR,Bagmane World Technology Centre,Opel Block,,,Digital Pods,3*7,55,1,,
,Bangalore,ORR,Bagmane World Technology Centre,Aquamarine Block,,,Digital Pods,3*7,55,1,,
30,Bangalore,ORR,Bagmane Constellation ,Food Court 1,"  35,000 ", N ,Digital Pods,3*7,55,1,10,"Google, Amazon, samsung, Qualcom, Alstom, Mysis, Sapient, Archwel, E&Y, Boeing, Redhat, Etc"
,Bangalore,ORR,Bagmane Constellation ,Food Court 2,,,Digital Pods,3*7,55,1,,
,Bangalore,ORR,Bagmane Constellation ,Food Court 3,,,Digital Pods,3*7,55,1,,
,Bangalore,ORR,Bagmane Constellation ,Food Court 4,,,Digital Pods,3*7,55,1,,
,Bangalore,ORR,Bagmane Constellation ,Orion Block,,,Digital Pods,3*7,55,1,,
,Bangalore,ORR,Bagmane Constellation ,Carina East,,,Digital Pods,3*7,55,1,,
,Bangalore,ORR,Bagmane Constellation ,Virgo Block,,,Digital Pods,3*7,55,1,,
,Bangalore,ORR,Bagmane Constellation ,Taurus south block,,,Digital Pods,3*7,55,1,,
,Bangalore,ORR,Bagmane Constellation ,Taurus North block,,,Digital Pods,3*7,55,1,,
,Bangalore,ORR,Bagmane Constellation ,Food Court 5,,,Digital Pods,3*7,55,1,,
31,Bangalore,ORR,Bagmane Capital,Angkor West Block – Elevator Lobby,"  12,000 ", N ,Digital Pods,3*7,55,1,10,"Wayfair Global Technology Private Limited, Databricks India Pvt Ltd, Qualcomm , American Express, Amazon Development Centre, Microsoft , GSK Global Capability Centre, Bottomline, FAB Global Business Services, Feathertouch Daycare, "
,Bangalore,ORR,Bagmane Capital,Rome North Block – Elevator Lobby,,,Digital Pods,3*7,55,1,,
,Bangalore,ORR,Bagmane Capital,Luxor North Block – Elevator Lobby,,,Digital Pods,3*7,55,1,,
,Bangalore,ORR,Bagmane Capital,Luxor North Block – Reception,,,Digital Pods,3*7,55,1,,
,Bangalore,ORR,Bagmane Capital,Luxor South Block - Reception Lobby,,,Digital Pods,3*7,55,1,,
,Bangalore,ORR,Bagmane Capital,Luxor South Block - Elevator Lobby,,,Digital Pods,3*7,55,1,,
,Bangalore,ORR,Bagmane Capital,Food Court 1,,,Digital Pods,3*7,55,1,,
,Bangalore,ORR,Bagmane Capital,Food Court 2,,,Digital Pods,3*7,55,1,,
,Bangalore,ORR,Bagmane Capital,Food Court 3,,,Digital Pods,3*7,55,1,,
,Bangalore,ORR,Bagmane Capital,Food Court 4,,,Digital Pods,3*7,55,1,,
32,Bangalore,Brookefield,Bagmane Solarium,Argon South Block – Reception Lobby,"  15,000 ", N ,Digital Pods,3*7,55,1,9,"Schneider Electric, Zebra Technologies, Northern Trust, Burns & McDonnell , Resourcespro, Shell India, Carelon Global Solutions, Wesco Digital, Tekion, "
,Bangalore,Brookefield,Bagmane Solarium,Argon South Block – Elevator lobby,,,Digital Pods,3*7,55,1,,
,Bangalore,Brookefield,Bagmane Solarium,Argon North Bock – Reception Lobby,,,Digital Pods,3*7,55,1,,
,Bangalore,Brookefield,Bagmane Solarium,Argon North Bock – Elevator lobby,,,Digital Pods,3*7,55,1,,
,Bangalore,Brookefield,Bagmane Solarium,Neon Block – Elevator Lobby,,,Digital Pods,3*7,55,1,,
,Bangalore,Brookefield,Bagmane Solarium,Xenon North Block - Reception Lobby,,,Digital Pods,3*7,55,1,,
,Bangalore,Brookefield,Bagmane Solarium,Helium Block - Reception Lobby,,,Digital Pods,3*7,55,1,,
,Bangalore,Brookefield,Bagmane Solarium,Food Court 1,,,Digital Pods,3*7,55,1,,
,Bangalore,Brookefield,Bagmane Solarium,Food Court 2,,,Digital Pods,3*7,55,1,,
,,,,,,,,,,,153, 
1,Mumbai,BKC,Parinee Crescenzo Business Park,Office Lobby - Ground Floor,"  12,000 ", Y ,Large Digital Wall Panel,117*18,-,1,1,"Standard Chartered, SBI Funds Management Limited, BOB Capital Markets Ltd., FTI Consulting, Servier India Private Limited, KredX, AlphaGrep, and Orreya Partners India LLP"
,Mumbai,BKC,Parinee Crescenzo Business Park,Driveway Entry Lobby - A,,,Digital Pods,3*7,55,1,4,
,Mumbai,BKC,Parinee Crescenzo Business Park,Driveway Entry Lobby - A,,,Digital Pods,3*7,55,1,,
,Mumbai,BKC,Parinee Crescenzo Business Park,Driveway Entry Lobby - B,,,Digital Pods,3*7,55,1,,
,Mumbai,BKC,Parinee Crescenzo Business Park,Driveway Entry Lobby - B,,,Digital Pods,3*7,55,1,,
2,Mumbai,Powai,Kanakia Boomerang,Reception Lobby Area,"  10,000 ", Y ,Digital Pods,3*7,55,1,6,"Roxul Rockwool, eClinicalWorks India Private Limited, Sitel India, Nord-Lock India Private Limited, Synergy Group, Pioneer Foundation Engineers Pvt. Ltd., Clear Point Instrumentation Pvt. Ltd, Heurtey Petrochem India Private Limited, IGP.com, Mep, Vellvette, CIMS, Transven Lifestyle Pvt. Ltd., VRIPL Retail Private Limited, Unitherm Engineers Limited, and Hi5 Youth Foundation."
,Mumbai,Powai,Kanakia Boomerang,Tower A,,,Digital Pods,3*7,55,1,,
,Mumbai,Powai,Kanakia Boomerang,Tower B,,,Digital Pods,3*7,55,1,,
,Mumbai,Powai,Kanakia Boomerang,Reception Lobby Area 2,,,Digital Pods,3*7,55,1,,
,Mumbai,Powai,Kanakia Boomerang,Elevator Lobby,,,Digital Pods,3*7,55,1,,
,Mumbai,Powai,Kanakia Boomerang,Elevator Lobby,,,Digital Pods,3*7,55,1,,
3,Mumbai,Thane,G Corp Tech Park,Reception lobby and elevator lobby,"  16,000 ", N ,Digital Pods,3*7,55,1,3,"Concentrix, IQVIA, DXC Technology, PerkinElmer India, Virtusa Consulting Services Private Limited, Sterling Talent Solutions, Birla Sunlife Insurance Co Ltd, ACE E-Service Pvt Ltd, and Convergys."
,Mumbai,Thane,G Corp Tech Park,Reception lobby and elevator lobby,,,Digital Pods,3*7,55,1,,
,Mumbai,Thane,G Corp Tech Park,Driveway Lobby Entry,,,Digital Pods,3*7,55,1,,
4,Mumbai,Lower Parel West,Urmi Estate,Tower A - Elevator Lobby,"  8,000 ", Y ,Digital Pods,3*7,55,1,4,"Hotstar, Akasa Air, Star India Private Limited, Maersk Line Office, Digitas, PUBLICIS MEDIA, Performics.Convonix, PhillipCapital (India) Pvt. Ltd., Lycée Français International de Mumbai, Law & Kenneth Saatchi & Saatchi India Private Limited, Consulate General of Republic of South Africa, DSB International School, VAssist Services Pvt. Ltd., The Learning Galaxy."
,Mumbai,Lower Parel West,Urmi Estate,Iconic Tower - Reception,,,Digital Pods,3*7,55,1,,
,Mumbai,Lower Parel West,Urmi Estate,Iconic Tower - Elevator Lobby,,,Digital Pods,3*7,55,1,,
,Mumbai,Lower Parel West,Urmi Estate,Iconic Tower - Elevator Lobby,,,Digital Pods,3*7,55,1,,
,Mumbai,Lower Parel West,Urmi Estate,Entry walkway,,,Wall Mount,5*6,100,1,1,
5,Mumbai,Airoli,Empire Tower,A Wing - Elevator Lobby,"  15,000 ", Y ,Digital Pods,3*7,55,1,4,"Maersk Line, Tech Mahindra, Tata Consulting Engineers Limited, Jacobs Solutions India Pvt. Ltd., Lupin Limited, First Brands Group India-Horizon Global, EBARA MACHINERY INDIA PVT. LTD., LH Global Hub Services Pvt. Ltd., Seamex, a Unit of BMCSL, Presidency Digital India Private, Enser Communications Pvt. Ltd., Certified Professional Translation, EFC Business Center Pvt. Ltd."
,Mumbai,Airoli,Empire Tower,B Wing - Elevator Lobby,,,Digital Pods,3*7,55,1,,
,Mumbai,Airoli,Empire Tower,C Wing - Elevator Lobby,,,Digital Pods,3*7,55,1,,
,Mumbai,Airoli,Empire Tower,D Wing - Elevator Lobby,,,Digital Pods,3*7,55,1,,
6,Mumbai,Airoli,Reliable Tech Park,Lobby A Wing,"  15,000 ", Y ,Digital Pods,3*7,55,1,4,"Universal Sompo General Insurance Company Ltd, ECI Telecom India Pvt Limited, Fresh for Health, Godrej Koerber Supply Chain Limited, CITI-INDIA Creative IT , Honeywell Automation, ISS Global Forwarding India, Indian Commodity Exchange Ltd, Awfis, GREEN ECO TECH NXT, Lionbridge India, Yotta Data ServicesSKY Engineering & Cleaning Systems, Clariant India Private Limited, Tech Mahindra Pvt ltd, ETC"
,Mumbai,Airoli,Reliable Tech Park,Lobby B Wing,,,Digital Pods,3*7,55,1,,
,Mumbai,Airoli,Reliable Tech Park,Elevator Lobby A Wing,,,Digital Wall Panel,3*5,55,1,,
,Mumbai,Airoli,Reliable Tech Park,Elevator Lobby B Wing,,,Digital Wall Panel,3*5,55,1,,
7,Mumbai,Airoli,Liberty tower,Elevator Lobby A,"  8,000 ", Y ,Digital Wall Panel,3*5,55,1,2,"Reliance General Insurance, Magic Bus India Foundation, Sutherland Global Services, Cytel, SIFY Technology, Inchcape Shipping Services, Ecofirst Services Limited, Sulzer Tech India Pvt. Ltd., WebMD, Bharat Serums and Vaccines Limited, Reliable Cloud City pvt, InterProducTec Virtual Labs Pvt. Ltd., SamX Motion Pictures"
,Mumbai,Airoli,Liberty tower,Elevator Lobby B,,,Digital Wall Panel,3*5,55,1,,
8,Mumbai,Airoli,Reliable Plaza,Elevator Lobby A,"  8,000 ", Y ,Digital Pods,3*5,55,1,2,"WebMD, Bharat Serums and Vaccines Limited, Reliable Cloud City pvt, InterProducTec Virtual Labs Pvt. Ltd."
,Mumbai,Airoli,Reliable Plaza,Elevator Lobby B,,,Digital Wall Panel,3*5,55,1,,
9,Mumbai,Koparkhairane,Rupa Solitaire,Ground Lobby Area,"  40,000 ", Y ,Digital Pods,3*7,55,1,10,"Linde India Limited, ZTE INDIA, XL Dynamics India Private Limited, Mavenir Systems, Marquis Technologies, Orient Technologies, Ascra Technologies, MindCraft Software Pvt. Ltd. - Reg Office, WEBTELINDIA, Sarla Advantech Pvt. Ltd., Flagship Biotech International Private Limited, IcruxSystem Pvt. Ltd., Value Loans, G4K Solutions Pvt. Ltd., Rein Labs, Alumayer, and Object Edge."
,Mumbai,Koparkhairane,Rupa Solitaire,Ground Lobby Area,,,Digital Pods,3*7,55,1,,
,Mumbai,Koparkhairane,Rupa Solitaire,Ground Lobby Area,,,Digital Pods,3*7,55,1,,
,Mumbai,Koparkhairane,Rupa Solitaire,A Wing - Elevator Lobby 1,,,Digital Pods,3*7,55,1,,
,Mumbai,Koparkhairane,Rupa Solitaire,A Wing - Elevator Lobby 2,,,Digital Pods,3*7,55,1,,
,Mumbai,Koparkhairane,Rupa Solitaire,B Wing - Elevator Lobby,,,Digital Pods,3*7,55,1,,
,Mumbai,Koparkhairane,Rupa Solitaire,D Wing - Elevator Lobby 1,,,Digital Pods,3*7,55,1,,
,Mumbai,Koparkhairane,Rupa Solitaire,D Wing - Elevator Lobby 2,,,Digital Pods,3*7,55,1,,
,Mumbai,Koparkhairane,Rupa Solitaire,7th Floor food court,,,Digital Pods,3*7,55,1,,
,Mumbai,Koparkhairane,Rupa Solitaire,11th floor Area,,,Digital Pods,3*7,55,1,,
10,Mumbai,BKC,Kanakia Zillion,Elevator Lobby - Block A,"  12,000 ", Y ,Digital Wall Panel,3*5,40,1,8,"Sonova Hearing India, Phonak India Pvt. Ltd, NXTGen Jhaveri Honda, Highway Concessions One Private Limited, Adroit Biomed Ltd, Checkers India Technology Pvt. Ltd., Treasury and Wealth Management Company, National Exports Manpower Consultant, VISABOYO, R.K. Travel Services, 1Pay, Newstar Aluminium Windows, Shaheen Academy Kurla, and Forex."
,Mumbai,BKC,Kanakia Zillion,Elevator Lobby - Block B,,,Digital Wall Panel,3*5,40,1,,
,Mumbai,BKC,Kanakia Zillion,Elevator Lobby - Block C,,,Digital Wall Panel,3*5,40,1,,
,Mumbai,BKC,Kanakia Zillion,Elevator Lobby - Block D,,,Digital Wall Panel,3*5,40,1,,
,Mumbai,BKC,Kanakia Zillion,Elevator Lobby - Block E,,,Digital Wall Panel,3*5,40,1,,
,Mumbai,BKC,Kanakia Zillion,Elevator Lobby - Block F,,,Digital Wall Panel,3*5,40,1,,
,Mumbai,BKC,Kanakia Zillion,Elevator Lobby - Block G,,,Digital Wall Panel,3*5,40,1,,
,Mumbai,BKC,Kanakia Zillion,Elevator Lobby - Block H,,,Digital Wall Panel,3*5,40,1,,
11,Mumbai,Powai,Technology Center IV,Ground Floor Elevator Lobby,"  5,000 ", Y ,Digital Pods,3*7,55,1,4,"CitiusTech Healthcare Technology Private Limited, L&T Business Park, IndiQube Lakeview, Amber Day Care & Candyfloss Pre-school."
,Mumbai,Powai,Technology Center IV,Ground Floor Entry Lobby,,,Digital Pods,3*7,55,1,,
,Mumbai,Powai,Technology Center IV,Food Court - Entry,,,Digital Pods,3*7,55,1,,
,Mumbai,Powai,Technology Center IV,Food Court - Billing,,,Digital Pods,3*7,55,1,,
12,Mumbai,Kalina,Windsor House,Tower WH - Elevator Lobby,"  8,000 ", N ,Digital Pods,3*7,55,1,6,"AK Group, H&R Johnson, The Crescent Group, Microsoft Corporation India Private Limited, Windsor Realty Private Ltd, Outlook India Publishig PVT, Credilia Financial Services Limited, DSM Nutritional Products India PVT, BTV, Mirae Asset Global investments (India) pvt, Hathway head office, BBC studios India pvt, Sekura Energy Private Limited, India Bonds Etc"
,Mumbai,Kalina,Windsor House,Tower WH - Reception Lobby,,,Digital Pods,3*7,55,1,,
,Mumbai,Kalina,Windsor House,Tower W - Elevator Lobby,,,Digital Pods,3*7,55,1,,
,Mumbai,Kalina,Windsor House,Tower W - Reception Lobby,,,Digital Pods,3*7,55,1,,
,Mumbai,Kalina,Windsor House,Food Court Sitting Area,,,Digital Pods,3*7,55,1,,
,Mumbai,Kalina,Windsor House,Food court Retail area,,,Digital Pods,3*7,55,1,,
13,Mumbai,Powai,Lodha Supremus,Elevator Lobby,"  4,000 ", Y ,Digital Pods,3*7,55,1,2,"Raymond, Glaxo Smith Kline Limited,"
,Mumbai,Powai,Lodha Supremus,Reception Lobby,,,Digital Pods,3*7,55,1,,
14,Mumbai,Andheri East,Kanakia 215 Atrium,Reception Lobby,"  10,000 ", Y ,Digital Pods,3*7,55,1,4,"Fossil India Pvt Ltd., CSGT Trading India Pvt Ltd, Societyfor Mumbai Incubation Lab, Hind Terminals Private Limited, Julius Baer, Hal Offshore Ltd., GlobeSecure Technologies Ltd., International Asset Reconstruction Company, Inframax Engineers, Indian Energy Exchange, Infokrafts Data Consultancy Services, Sahajanand Medical Technologies Pvt Ltd, Toyota Tsusho India Pvt. Ltd.,"
,Mumbai,Andheri East,Kanakia 215 Atrium,A Wing - Elevator Lobby,,,Digital Pods,3*7,55,1,,
,Mumbai,Andheri East,Kanakia 215 Atrium,B Wing - Elevator Lobby,,,Digital Pods,3*7,55,1,,
,Mumbai,Andheri East,Kanakia 215 Atrium,C Wing - Elevator Lobby,,,Digital Pods,3*7,55,1,,
15,Mumbai,Andheri East,Kanakia Atrium 2,Reception Lobby,"  5,000 ", Y ,Digital Pods,3*7,55,1,2,"Dextra India Private Limited, Sojitz India, Micro Mechanical Works, Fincrux Technologies, Spiro Lifecare Pvt. Ltd., Barry Callebaut India Private Limited, Renascence Insolvency Resolution Professionals Pvt. Ltd.,"
,Mumbai,Andheri East,Kanakia Atrium 2,Elevator Lobby,,,Digital Pods,3*7,55,1,,
16,Mumbai,Andheri East,Dynasty Business Park,Reception Lobby A,"  5,000 ", Y ,Digital Pods,3*7,55,1,2,"Dev Accelerator, Margo Networks, Sharp Business Systems, HTC Global Services India (Cibersites), MindCraft Software, and TPV Technology, Nimbus Maritime Services, Searock International, Sovika Aviation Services, XT Ships Management, Continental Carriers, and China Shipping.,Regus Business Centre and Bo-Chem, Manan Cotsyn, Greenply Industries, Pramukh Paper Products, Fujitec India, and Dynamix dairy., Bharat Finlease, Hindustan Times Radio Station (Radio One) and Satyam Infoway, Qx Global Services and Droege Group,  Responsys News And Media, EasyRewardz Software Services, Yokogawa Technology Solutions, Anheuser Busch Inbev and SabMiller India"
,Mumbai,Andheri East,Dynasty Business Park,Reception Lobby B,,,Digital Pods,3*7,55,1,,
17,Mumbai,Kurla,Kohinoor City,Tower A - Ground Floor Lobby,"  6,000 ", Y ,Digital Pods,3*7,55,1,2,"Ehtesham & Co. Chartered Accountants, Omega Shipping Agencies Pvt. Ltd, Lis Silver Streak Salon, Softcell Technologies Global Pvt Ltd, Hansa Cequity, Viavi Solutions, American School of Bombay, NSE-WRO, Carnival Support Services India Pvt. Ltd , MOAZZAM OVERSEAS CONSULTANT, Softcell Technologies Global Pvt Ltd"
,Mumbai,Kurla,Kohinoor City,Tower B - Ground Floor Lobby,,,Digital Pods,3*7,55,1,,
18,Mumbai,Kolshet Road,Lodha iThink,Ground Floor - Office Lobby,"  4,000 ", Y ,Digital Pods,3*7,55,1,2,"Lumens Technologies Pvt. Ltd, Technosprout Systems Pvt. Ltd, S SHARMA & ASSOCIATES, Grey And White HR Consultants Private Limited, EVERSTAR OPTOELECTRONICS PVT. LTD, AAJ Media Productions,"
,Mumbai,Kolshet Road,Lodha iThink,Ground Floor - Office Lobby,,,Digital Pods,3*7,55,1,,
19,Mumbai,Andheri,Lodha Supremus,Reception Lobby 1,"  6,000 ", Y ,Digital Pods,3*7,55,1,4,"OneAssist Consumer Solutions
Mirc Electronics Ltd (Onida)
Bisleri International
Peora Fashions
ICICI Bank
VITS Hotels (Corporate Office)
Indana Hotels & Resorts
Trinity Insurance Services
Whizzmark Business Solutions
Digirealty Technologies
Ascent Consulting Services
Anish Financial Services
Samarth Finance Consultant
D B Consultants
Tessuti Industries"
,Mumbai,Andheri,Lodha Supremus,Reception Lobby 2,,,Digital Pods,3*7,55,1,,
,Mumbai,Andheri,Lodha Supremus,Elevator Lobby Ground Floor 1,,,Digital Pods,3*7,55,1,,
,Mumbai,Andheri,Lodha Supremus,Elevator Lobby Ground Floor 2,,,Digital Pods,3*7,55,1,,
,,,,,,,,,,,77,
1,Pune,Hadapsar,Magarpatta Cyberpark,Entry/Exit - Main Lobby Tower 1,"  85,000 ", N ,Digital Pods,3*7,55,1,9,"Avaya, EXL, Capgemini, John Deere, BNY Mellon, Deutsche Bank Group, Mphasis, Varian, Hitachi Consulting, Ocwen, Principal Global Services, HCL, UPS Logistics, Amdocs, Dresser Rand, Fico, Sybase, Tata Elxsi/Konecranes, Sutherland/einfocjips, Reflexis, Teradata, Red Hat, AppDirect, WNS, Sybase/WNS, Xento, CompuCom, Systems Plus, Springer Nature, and Capita."
,Pune,Hadapsar,Magarpatta Cyberpark,Entry/Exit - Main Lobby Tower 2,,,Digital Pods,3*7,55,1,,
,Pune,Hadapsar,Magarpatta Cyberpark,Entry/Exit - Main Lobby Tower 3,,,Digital Pods,3*7,55,1,,
,Pune,Hadapsar,Magarpatta Cyberpark,Entry/Exit - Main Lobby Tower 4,,,Digital Pods,3*7,55,1,,
,Pune,Hadapsar,Magarpatta Cyberpark,Entry/Exit - Main Lobby Tower 5,,,Digital Pods,3*7,55,1,,
,Pune,Hadapsar,Magarpatta Cyberpark,Entry/Exit - Main Lobby Tower 6,,,Digital Pods,3*7,55,1,,
,Pune,Hadapsar,Magarpatta Cyberpark,Entry/Exit - Main Lobby Tower 10,,,Digital Pods,3*7,55,1,,
,Pune,Hadapsar,Magarpatta Cyberpark,Entry/Exit - Main Lobby Tower 11,,,Digital Pods,3*7,55,1,,
,Pune,Hadapsar,Magarpatta Cyberpark,Entry/Exit - Main Lobby Tower 12,,,Digital Pods,3*7,55,1,,
2,Pune,Hadapsar,Pentagon Towers,Pentagon Tower 1,"  35,000 ", N ,Digital Pods,3*7,55,1,4,"Honeywell Automation India Ltd, Knight Frank (India) Pvt. Ltd, Schreiber Dynamix Dairies Pvt Ltd, ITC Ltd, Marketing Office, and ALKYL AMINES CHEMICALS LTD MAGARPATTA. The remaining companies are Sanganaky Technology, Katalyst Technologies Inc, Testrig Technologies - QA & Software Testing Company, Mobikode Software Private Limited, Neova Solutions, Datafortune Software Solutions Pvt. Ltd., Simplify Healthcare, Datart Infotech LLP, PCS IT Solutions Private Limited, Spectraforce Technologies (India) Pvt. Ltd., Collabera Technologies Pvt. Ltd., and Gagstek Solutions Private Limited."
,Pune,Hadapsar,Pentagon Towers,Pentagon Tower 2,,,Digital Pods,3*7,55,1,,
,Pune,Hadapsar,Pentagon Towers,Pentagon Tower 3,,,Digital Pods,3*7,55,1,,
,Pune,Hadapsar,Pentagon Towers,Pentagon Tower 4,,,Digital Pods,3*7,55,1,,
3,Pune,Nanded,Symphony IT Park,Entry/ Exit - Food Court,"  8,000 ", N ,Digital Pods,3*7,55,1,3,"Edel Tech Pvt. Ltd: SAP, FIGmd (India) Pvt. Ltd., Toll Technology Centre, Infinite Science Technologies, PTD Cleantech Solutions Pvt. Ltd, TopMentor - India's #1 Data & Ai E-learning Platform, PrimaVerse IDC LLP, Impexsoft Solutions, Investstocks."
,Pune,Nanded,Symphony IT Park,First floor Elevator Lobby,,,Digital Pods,3*7,55,1,,
,Pune,Nanded,Symphony IT Park,Food Court,,,Digital Pods,3*7,55,1,,
4,Pune,Pimpri-Chinchwad,ICC Tech Park,Main Lobby Entry,"  11,000 ", Y ,Digital Pods,3*7,55,1,6,"Rolls Royce Power Systems, Philips India Limited, Digitide Solutions Limited, Hinduja Tech Limited, Adient Automotive Ltd, Yanfeng India Automotive Interiors Systems Pvt. Ltd., CREAT - UNO MINDA Enterprise, Mitsubishi Electric India Pvt. Ltd., Harman, Visteon Technical And Services Center, INITIA, Etc"
,Pune,Pimpri-Chinchwad,ICC Tech Park,Atrium 1,,,Digital Pods,3*7,55,1,,
,Pune,Pimpri-Chinchwad,ICC Tech Park,Atrium 2,,,Digital Pods,3*7,55,1,,
,Pune,Pimpri-Chinchwad,ICC Tech Park,Elevator Lobby,,,Digital Pods,3*7,55,1,,
,Pune,Pimpri-Chinchwad,ICC Tech Park,Food Court Entry,,,Digital Pods,3*7,55,1,,
,Pune,Pimpri-Chinchwad,ICC Tech Park,Food Court Exit,,,Digital Pods,3*7,55,1,,
5,Pune,Digamber Nagar,Nyati Tech Park,Reception Tower A,"  7,000 ", N ,Digital Pods,3*7,55,1,4,"Elmirate, Coditas, ZenTrades India, Gsource Technologies, Jade Global Software Pvt., Etc"
,Pune,Digamber Nagar,Nyati Tech Park,Reception Tower B,,,Digital Pods,3*7,55,1,,
,Pune,Digamber Nagar,Nyati Tech Park,Food Court,,,Digital Pods,3*7,55,1,,
,Pune,Digamber Nagar,Nyati Tech Park,Food Court,,,Digital Pods,3*7,55,1,,
,,,,,,,,,,,26,
1,Hyderabad,Hitech City,iLabs Tech Park,Tower C & D food court,"  15,000 ", Y ,Digital Pods,3*7,55,1,6,"HP, NTT Data, Synchrony, Invensys, Syniverse Mobile Solution, Cubic, Syniverse Technology, Regus, AMS Semiconductors, PASS GCA Solutions, Host Analytics, CVM Solutions, Wisemen."
,Hyderabad,Hitech City,iLabs Tech Park,B Block food court,,,Digital Pods,3*7,55,1,,
,Hyderabad,Hitech City,iLabs Tech Park,A & B Block Recpetion,,,Digital Pods,3*7,55,1,,
,Hyderabad,Hitech City,iLabs Tech Park,C & D Food Court,,,Digital Wall Panel,3*5,55,1,,
,Hyderabad,Hitech City,iLabs Tech Park,MLCP Food Court,,,Digital Wall Panel,3*5,55,1,,
,Hyderabad,Hitech City,iLabs Tech Park,MLCP 2nd Floor,,,Digital Wall Panel,3*5,55,1,,
2,Hyderabad,Hitech City,Cyber Gateway,Block A Elevator lobby,"  10,000 ", Y ,Digital Pods,3*7,55,1,6,"Infosys Technologies, Thomas Cook, Signant Health Private Limited, EverestDX India Pvt Ltd, Andhra Bank, eBizNET Solutions, ExcelR, Vaco Binary Semantics, Nexiilabs, Advansoft, Blaze Automation, Fint Solutions | Fint, Tvarana Software Solution Pvt Ltd, Rutakshi Technologies Private Limited, Plural Technology Pvt Ltd, Dhruvsoft Services Private Limited, MaaS ERP Solutions Pvt. Ltd., Sonix Human Capital Solutions Pvt. Ltd., First Tek Services Pvt Ltd, InstaVC, Bhrigus Software India Pvt Ltd, and Praveen Properties."
,Hyderabad,Hitech City,Cyber Gateway,Block B Elevator lobby,,,Digital Pods,3*7,55,1,,
,Hyderabad,Hitech City,Cyber Gateway,Block C Elevator lobby,,,Digital Pods,3*7,55,1,,
,Hyderabad,Hitech City,Cyber Gateway,Block D Elevator lobby,,,Digital Pods,3*7,55,1,,
,Hyderabad,Hitech City,Cyber Gateway,Food court entry,,,Digital Wall Panel,3*7,55,1,,
,Hyderabad,Hitech City,Cyber Gateway,Food court Retail,,,Digital Wall Panel,3*7,55,1,,
3,Hyderabad,Hitech City,Cyber Tower,Quadrant 1 Elevator lobby,"  10,000 ", Y ,Digital Pods,3*7,55,1,5,"Teksystems Global Services, ServiceNow Training, Sierra-Cedar India Pvt. Limited, Xoriant Solutions Pvt. Ltd., Google CGW, Pegasys Group, Netxcell Limited, iSource Global Solutions, Technosoft Global Solutions, KloudGin, Visual IT Solutions Pvt Ltd, Techmojo Solutions Pvt Ltd., Pennant Technologies Private Limited, Avineon India, Amps And Watts, ComTec IT Services, iSpace Software Solutions India Pvt Ltd, Huddl Enterprise Communication Pvt Ltd, Abacus Staffing and Services Pvt Ltd, Pochampalli IT Labs, Righyitfy Solutions, Nsight India, Carbynetech India Private, Jotter.ai, Ultimate Bonding Stainless, Softility, Numeric Technologies, Galaxe Solutions, Infovity India Pvt. Ltd., and Lantronix India Pvt. Ltd."
,Hyderabad,Hitech City,Cyber Tower,Quadrant 2 Elevator lobby,,,Digital Pods,3*7,55,1,,
,Hyderabad,Hitech City,Cyber Tower,Quadrant 3 Elevator lobby,,,Digital Pods,3*7,55,1,,
,Hyderabad,Hitech City,Cyber Tower,Quadrant 4 Elevator lobby,,,Digital Pods,3*7,55,1,,
,Hyderabad,Hitech City,Cyber Tower,Entry way,,,Digital Wall Panel,3*7,55,1,,
4,Hyderabad,Nanakramguda,Waverock IT Park,Food Court - 2.0,"  30,000 ", Y ,Digital Pods,3*7,55,1,6,"Tata Consultancy Services, Accenture, DuPont, Aveva, Apple Development Center, Global Logic Technologies, Persistent Systems, DBS Technology Service India, CompuGain Solutions, Innominds Software, M3BI India Pvt Ltd, Qumu Corp, RMSI Pvt Limited, Attra Infotech, Eze Software, Idea Entity Tech Solutions, ShootOrder, Research Wallet, Helius Technologies, Accelerite, Vehicle Fitness Company, Classic Design, APPLE INFOSYS, Avva Deepak, WR-Test, and ETG Digital."
,Hyderabad,Nanakramguda,Waverock IT Park,Food Court - 2.1,,,Digital Pods,3*7,55,1,,
,Hyderabad,Nanakramguda,Waverock IT Park,Waverock IT Park,,,Digital Pods,3*7,55,1,,
,Hyderabad,Nanakramguda,Waverock IT Park,Waverock IT Park,,,Digital Pods,3*7,55,1,,
,Hyderabad,Nanakramguda,Waverock IT Park,Waverock IT Park,,,Digital Pods,3*7,55,1,,
,Hyderabad,Nanakramguda,Waverock IT Park,Food Court - 2.3,,,Digital Pods,3*7,55,1,,
5,Hyderabad,Hitech City,Aurobindo Galaxy,Food court Entry exit,"  15,000 ", N ,Digital Pods,3*7,55,1,4,"Quantela, DAZN Software Private Limited, Renault Nissan Technology & Business Center India, Solenis GSS India Private Limited, Cotiviti India, Smartworks, Re Sustainability Limited, Columbus Global India, Sourcefuse, SenecaGlobal IT Services Private Limited, coMakeIT Software Pvt Ltd, Cohance Lifesciences, RightData Labs Pvt Ltd, and SMSCountry - Bulk SMS Service."
,Hyderabad,Hitech City,Aurobindo Galaxy,Food court retail area GF,,,Digital Pods,3*7,55,1,,
,Hyderabad,Hitech City,Aurobindo Galaxy,Food court retail area FF,,,Digital Pods,3*7,55,1,,
,Hyderabad,Hitech City,Aurobindo Galaxy,Food court sitting area FF,,,Digital Pods,3*7,55,1,,
6,Hyderabad,Hitech City,Prestige Skytech ,Reception Lobby 1,"  10,000 ", N ,Digital Pods,3*7,55,1,5,"WNS Global Services, Entain India, Win Information Technology Pvt Ltd, Bell Techlogix India Private Limited, BodyScience Pilates, Jade Global Software Pvt Ltd, "
,Hyderabad,Hitech City,Prestige Skytech ,Reception Lobby 2,,,Digital Pods,3*7,55,1,,
,Hyderabad,Hitech City,Prestige Skytech ,Elevator Lobby 1,,,Digital Pods,3*7,55,1,,
,Hyderabad,Hitech City,Prestige Skytech ,Elevator Lobby 2,,,Digital Pods,3*7,55,1,,
,Hyderabad,Hitech City,Prestige Skytech ,Elevator Lobby 3,,,Digital Pods,3*7,55,1,,
,,,,,,,,,,,32,
1,Chennai,Rajiv Gandhi Salai,WTC Chennai,Reception lobby A,"  15,000 ", N ,Digital Pods,3*7,55,1,6,"Amazon, Caterpillar, McKinsey Global Capability Centre, Glencore Information Services Pvt Ltd, Babcock Power APAC Pvt. Ltd., BABCOCK POWER APAC PVT. LTD., Zuora India Private Limited, Kissflow (OrangeScape Technologies), Agilisium Consulting, The Morpheus Store."
,Chennai,Rajiv Gandhi Salai,WTC Chennai,Reception lobby B,,,Digital Pods,3*7,55,1,,
,Chennai,Rajiv Gandhi Salai,WTC Chennai,Elevator Lobby 1 1F,,,Digital Pods,3*7,55,1,,
,Chennai,Rajiv Gandhi Salai,WTC Chennai,Elevator Lobby 2,,,Digital Pods,3*7,55,1,,
,Chennai,Rajiv Gandhi Salai,WTC Chennai,Food Court Exit 1F,,,Digital Pods,3*7,55,1,,
,Chennai,Rajiv Gandhi Salai,WTC Chennai,Food Court Exit 1F,,,Digital Pods,3*7,55,1,,
2,Chennai,Nungambakkam,Prince Towers,Elevator Lobby,"  3,000 ", N ,Digital Pods,3*7,55,1,1,"BNP Paribas, Acara Solutions India (Formerly Superior Talent India), Faber Sindoori Management Services, Arkay Ispat Pvt Ltd, MMM Training Solutions."
3,Chennai,Nandaman,Prestige Polygon,Reception lobby Entry,"  8,000 ", N ,Digital Pods,3*7,55,1,2,"Microsoft, Kotak, Durr, RRD, Prestige Experience Center, Prestige Office, Cushman, Gigamon, CredAvenue, SmartWorks, M/S KBR, Tamil Nadu Guidance, CredAvenue Securities, Ananth Rathi, AppStars, Parking Floor, and Vatika."
,Chennai,Nandaman,Prestige Polygon,Reception lobby Exit,,,Digital Pods,3*7,55,1,,
4,Chennai,Anna Salai,Prestige Zakria Metropolitan,Reception lobby Entry,"  1,000 ", N ,Digital Pods,3*7,55,1,2,"Hewlett Packard Enterprise (Global eBusiness Operation Pvt Ltd), Maersk Line India Pvt Ltd & Damco India Pvt Ltd, EMIRATES NBD Bank P.J.S.C, HP, GM Modular Pvt Ltd, Vivriti Capital Pvt Ltd, Symbyont Asset Management Pvt Ltd, AWFIS Space Solutions Pvt Ltd (Clarivate), Vivriti Asset Management Pvt Ltd, and I Software Operation Pvt Ltd."
,Chennai,Anna Salai,Prestige Zakria Metropolitan,Reception sitting area,,,Digital Pods,3*7,55,1,,
5,Chennai,Rajiv Gandhi Salai,Prestige Cyber Tower,Reception lobby,"  5,000 ", N ,Digital Pods,3*7,55,1,2,"CapGemini Technologies Services Pvt Ltd, WNS Global Services Pvt Ltd, AGP GGD India Pvt Ltd."
,Chennai,Rajiv Gandhi Salai,Prestige Cyber Tower,Elevator Lobby,,,Digital Pods,3*7,55,1,,
6,Chennai,Thousand Lights,Prestige Palladium Bayan,Reception lobby,"  2,500 ", N ,Digital Pods,3*7,55,1,2,"Emirates, Reliance Jio, Maersk Line, Pfizer Healthcare, Mitsubishi, Metal One, Fuji Film, Mizuho Bank, Hyosung, Murata Electronics (I) Pvt Ltd, Nippon Paint, Future Pipe, Enoia Babcock Borsing Pvt Ltd, CNSI - New, and Executive Centre."
,Chennai,Thousand Lights,Prestige Palladium Bayan,Elevator Lobby,,,Digital Pods,3*7,55,1,,
7,Chennai,Guindy,Prestige Cosmopolitan,Reception lobby,"  5,000 ", N ,Digital Pods,3*7,55,1,2,"Switch Mobility Automotive Ltd, Mitsubishi/Metal One, Metal One Corporation India Pvt Ltd, Awfis Space Solutions Pvt Ltd, DVS Research and Capital Services Pvt Ltd."
,Chennai,Guindy,Prestige Cosmopolitan,Reception sitting area,,,Digital Pods,3*7,55,1,,
8,Chennai,Perungudi,Prince Infocity 2,Food Court Exit 1F,"  12,000 ", N ,Digital Wall Panel,3*7,55,1,5,"IBM, Tata Teleservices Limited (TTSL Chennai), AGS Health, 3i Infotech Limited, Great Lakes Institute of Management, QuScient Technologies Pvt Ltd, Insmagro Global Solutions Pvt Ltd, Sardius Technologies, Worklogix."
,Chennai,Perungudi,Prince Infocity 2,Elevator Lobby 1 1F,,,Digital Pods,3*7,55,1,,
,Chennai,Perungudi,Prince Infocity 2,Elevator Lobby 1 1F,,,Digital Pods,3*7,55,1,,
,Chennai,Perungudi,Prince Infocity 2,Elevator Lobby 1 1F,,,Digital Pods,3*7,55,1,,
,Chennai,Perungudi,Prince Infocity 2,Food Court Area,,,Digital Pods,3*7,55,1,,
9,Chennai,Perungudi,Prince Infocity 1,Reception lobby,"  5,000 ", N ,Digital Wall Panel,3*5,55,2,2,"Dun & Bradstreet Technologies & Data Services Pvt. Ltd., IVY Mobility Solutions Ltd, KLA Software, Belgium Business Center Chennai, Upstream Talent Management Services Private Limited."
,Chennai,Perungudi,Prince Infocity 1,Reception lobby,,,Digital Wall Panel,3*5,55,2,,
10,Chennai,Anna Salai,Kushal Towers,Elevator Lobby,"  5,000 ", N ,Digital Pods,3*7,55,1,1,"BICS Global, Serco, Blackstone Group Tech Private Limited, Datamark Inc, XCEL Corp, Vakilsearch, Access Healthcare, Logic Information Systems, Zamil Steel Buildings India Pvt Ltd, GAMMA Process Hub India Ltd, Kochar Technology Park, QAssure Technologies India Pvt Ltd, RP Telebuy Skyshop Private Limited."
11,Chennai,Ambattur,Prince Infopark,Ground Floor - Office Lobby,"  8,000 ", N ,Digital Pods,3*7,55,1,2,"BICS Global,RP Telebuy Skyshop Private Limited,Serco,GAMMA PROCESS HUB INDIA LTD.,Vakilsearch,Datamark Inc,XCEL Corp,Kochar Technology Park,Access Healthcare,Blackstone Group Tech Private Limited,Logic Information Systems,Zamil Steel Buildings India Pvt Ltd.,QAssure Technologies India Pvt Ltd,"
,Chennai,Ambattur,Prince Infopark,Ground Floor - Office Lobby,,,Digital Pods,3*7,55,1,,
,,,,,,,,,,,27,
1,Delhi NCR,Gurugram,iLabs Info Technology Center,Main Lobby Entry,"  12,000 ", Y ,Digital Wall Panel,3*7,55,1,5,"Kellton , SS Innovations Private Limited, Robosurg MedTech Pvt Ltd, TaskUs Mystiqa, Nirvasa Healthcare, Etc"
,Delhi NCR,Gurugram,iLabs Info Technology Center,Reception Lobby,,,Digital Wall Panel,3*7,55,1,,
,Delhi NCR,Gurugram,iLabs Info Technology Center,Elevator Lobby,,,Digital Wall Panel,3*7,55,1,,
,Delhi NCR,Gurugram,iLabs Info Technology Center,Food court,,,Digital Wall Panel,3*5,55,1,,
,Delhi NCR,Gurugram,iLabs Info Technology Center,Food court,,,Digital Wall Panel,3*5,55,1,,
2,Delhi NCR,Noida,IHDP Business Park,Reception Lobby / Elevator Lobby,"  8,000 ", Y ,Digital Wall Panel,3*5,55,4,7,"SRJ GLOBAL SOFTECH, Infosys Limited "
,Delhi NCR,Noida,IHDP Business Park,Reception Lobby / Elevator Lobby,,,Digital Pods,3*7,55,3,,
3,Delhi NCR,Noida,Urbtech Trade Centre,Reception Lobby / Elevator Lobby,"  10,000 ", N ,Digital Wall Panel,3*5,55,2,10,"Serenia Coworking, The LHR Group, INLIVING, Simon Electric pvt Ltd, Techknowlabs Pvt Ltd, SuperAdMedia, eMaven Solutions Pvt. Ltd., Anektos Hybrid Buildings Pvt. Ltd, Manipal Business Solutions Private Limited, SmartTech Messaging, Herbal Chakra Private Limited, Infobip, IPS BOUNCER WEDDING EVENT MANAGEMENT, Alyke, Zebra Technologies India Pvt Ltd, Etc"
,Delhi NCR,Noida,Urbtech Trade Centre,Reception Lobby / Elevator Lobby,,,Digital Pods,3*7,55,8,,
4,Delhi NCR,Noida,Add India Height,Reception Lobby,"  6,000 ", Y ,Digital Pods,3*7,55,1,2,"LYDS Legal, Visible Alpha, Bullmen Realty India Pvt Ltd, MerchServe Global Pvt Ltd, Skymet Weather Services Pvt. Ltd., JindalX, EDUCATION LOAN INDIA, EFS Facilities Services, Etc"
,Delhi NCR,Noida,Add India Height,Reception Lobby walkway,,,Digital Pods,3*5,55,1,,
5,Delhi NCR,Noida,Add India Tower 6A,Reception Lobby,"  6,000 ", Y ,Digital Pods,3*7,55,1,5,"Matrix Acres Private Limited, Astrotalk, Apptrove, HDFC Bank, Etc"
,Delhi NCR,Noida,Add India Tower 6A,Elevator Lobby,,,Digital Pods,3*5,55,1,,
,Delhi NCR,Noida,Add India Tower 6A,Game Room,,,Digital Pods,3*5,55,1,,
,Delhi NCR,Noida,Add India Tower 6A,Food court 1,,,Digital Wall Panel,3*5,55,1,,
,Delhi NCR,Noida,Add India Tower 6A,Food court 2,,,Digital Wall Panel,3*5,55,1,,
,,,,,,,,,,,29,
,,,,,,,,,,Total ,344,